[{"id": 1381195848214790144, "created_at": "Sun Apr 11 10:42:06 +0000 2021", "raw_text": "Ker ga podpira LGBT agenda.. Z njimi tudi veliki *ebač noče imet opravka.. Razen, da se slika, če je nujno potrebno in sem in tja poroči dva fanta.. Tudi za medije..", "lemma_text": "podpirati lgbt agenda velik ebač imet opravek slika nujno potreben tja poročiti fant medij", "hashtags": [], "mentions": ["staneskufca"], "user": {"name": "spletno uho ex not bind", "screen_name": "matjazajec1", "description": "zvest toporošiču in republiki.. interested in media, cuisine, interior, photo, travelling.. mtb čez drn in strn.. prepovedujem javno objavo mojih tvitov.."}, "prediction": {"label": "desno", "sentiment": "negative", "sentiment_score": 0.833180844783783, "topic_bias": "desno", "topic_mentioned": "lgbtq", "topic_score": 0.541808912675783, "party_bias": null, "party_mentioned": null}}, {"id": 1381151949802905604, "created_at": "Sun Apr 11 07:47:40 +0000 2021", "raw_text": "ODLIČEN ČLANEK! Poljsko mesto je ostalo brez tujega financiranja, ker so katoliški sivi prdci hoteli imeti mesto brez LGBT skupnosti. Zdaj župan klečeplazi.... Kako čudovito je nazadnjake videti tako ponižane.....", "lemma_text": "odličen članek poljski mesto ostati tuj financiranje katoliški siv prdec imeti mesto lgbt skupnost zdaj župan klečeplaziti čudovito nazadnjak videti ponižan", "hashtags": [], "mentions": [], "user": {"name": "Simona 🇸🇮 🇸🇮 🇸🇮", "screen_name": "SimGraj", "description": "svobodna. otrok cvetja. neka druga generacija. lutkarica. štajerska."}, "prediction": {"label": "desno", "sentiment": "negative", "sentiment_score": 0.7820241451263428, "topic_bias": "desno", "topic_mentioned": "lgbtq", "topic_score": 0.541808912675783, "party_bias": null, "party_mentioned": null}}, {"id": 1381256945009618948, "created_at": "Sun Apr 11 14:44:52 +0000 2021", "raw_text": "Ob več kot 1 milijonskem proračunu njegovega Zagovorništva načel LGBTIQ, pa res ne moreš biti šlank !", "lemma_text": "več milijonski proračun zagovorništvo načelo lgbtiq šlank", "hashtags": [], "mentions": ["NortzDr", "KovacecSrecko", "Nova24TV"], "user": {"name": "Mirna", "screen_name": "neukrotljiva", "description": ""}, "prediction": {"label": "desno", "sentiment": "negative", "sentiment_score": 0.8971925973892212, "topic_bias": "desno", "topic_mentioned": "lgbtq", "topic_score": 0.541808912675783, "party_bias": null, "party_mentioned": null}}, {"id": 1381123804928282624, "created_at": "Sun Apr 11 05:55:49 +0000 2021", "raw_text": "[POSLANSKI BLOG] : Klasično družino se uničuje s propagando kulturnega marksizma LGBT, po kateri družina ni več moški, ženska in otrok.", "lemma_text": "poslanski blog klasičen družina uničevati propaganda kulturen marksizem lgbt družina več moški ženska otrok", "hashtags": [], "mentions": ["BrankoGrims1"], "user": {"name": "SDS", "screen_name": "strankaSDS", "description": "slovenska demokratska stranka"}, "prediction": {"label": "desno", "sentiment": "negative", "sentiment_score": 0.914816677570343, "topic_bias": "desno", "topic_mentioned": "lgbtq", "topic_score": 0.541808912675783, "party_bias": null, "party_mentioned": null}}, {"id": 1386793116993265664, "created_at": "Mon Apr 26 21:23:39 +0000 2021", "raw_text": "Večina janševikov očitno iz srca sovraži: LGBT, feministke, muslimane, antifo, borce NOB, urbane umetnike itd. Kdor pa toliko sovraži, dobi sovraštvo nazaj! Med \"komunisti\" jih le mali del iz srca sovraži klerikalce in kapitaliste, večina si pač želi le pravičen socialni dogovor.", "lemma_text": "večina janševik očitno srce sovražiti : lgbt , feministka , musliman , antif , borec nob , urban umetnik itd. sovražiti , dobiti sovraštvo nazaj ! \" komunist \" mali del srce sovražiti klerikalec kapitalist , večina pravičen socialen dogovor .", "hashtags": [], "mentions": ["JanezPogorelec", "bojvel", "JurePoglajen"], "user": {"name": "Vito Repec", "screen_name": "vreduje", "description": ""}, "prediction": {"label": "desno", "sentiment": "negative", "sentiment_score": 0.9608410000801086, "topic_bias": "desno", "topic_mentioned": "lgbtq", "topic_score": 0.3033149180233777, "party_bias": null, "party_mentioned": null}}, {"id": 1386934977191890945, "created_at": "Tue Apr 27 06:47:21 +0000 2021", "raw_text": "Lgbt dva očeta in dve znamenji , na vsaki strani ena podpluta od udarca , bo šlo", "lemma_text": "lgbt oče znamenje , stran podpluta udarec , iti", "hashtags": [], "mentions": ["IgorPribac", "PreglArjan", "MihaLjubljana"], "user": {"name": "milan bertram 🇸🇮🇸🇮🇸🇮", "screen_name": "Milko121", "description": "desno od levice"}, "prediction": {"label": "desno", "sentiment": "negative", "sentiment_score": 0.7634501457214355, "topic_bias": "desno", "topic_mentioned": "lgbtq", "topic_score": 0.22860479869897465, "party_bias": null, "party_mentioned": null}}, {"id": 1387066059811954688, "created_at": "Tue Apr 27 15:28:13 +0000 2021", "raw_text": "Iniciativa, ki šteje manj kot 100 članov. To pa je res visoka podpora vladi.", "lemma_text": "iniciativa , šteti manj 100 član . visok podpora vlada .", "hashtags": [], "mentions": ["Demokracija1", "AlenkaJerajSDS"], "user": {"name": "Al19", "screen_name": "Al1961133726", "description": ""}, "prediction": {"label": "levo", "sentiment": "positive", "sentiment_score": 0.6949802041053772, "topic_bias": "levo", "topic_mentioned": "lgbtq", "topic_score": 0.5078360445746184, "party_bias": null, "party_mentioned": null}}, {"id": 1345074248616980483, "created_at": "Fri Jan 01 18:27:45 +0000 2021", "raw_text": "Najraje imam jutranji sex...pijem kavo in jebe se mi za vse.", "lemma_text": "najraje imeti jutranji sex . . . piti kava jebati .", "hashtags": [], "mentions": ["hoki21"], "user": {"name": "Pixi", "screen_name": "Pixi59217278", "description": "smeh"}, "prediction": {"label": "desno", "sentiment": "negative", "sentiment_score": 0.9181471467018127, "topic_bias": "desno", "topic_mentioned": "lgbtq", "topic_score": 0.5078360445746184, "party_bias": null, "party_mentioned": null}}, {"id": 1393851698771267591, "created_at": "Sun May 16 08:51:56 +0000 2021", "raw_text": "Prepovedano uporabljati izraz \"Dame in gospodje\". Britanske železnice ukinjajo tako naslavljanje, da ne bi užalili čudakov iz LGBT kluba.", "lemma_text": "prepovedan uporabljati izraz \" dama gospod \" . britanski železnica ukinjati naslavljanje , užaliti čudak lgbt klub .", "hashtags": [], "mentions": [], "user": {"name": "☃️Sergij☢️", "screen_name": "2021m2021", "description": ""}, "prediction": {"label": "desno", "sentiment": "negative", "sentiment_score": 0.5805579423904419, "topic_bias": "desno", "topic_mentioned": "lgbtq", "topic_score": 0.32022200027247877, "party_bias": null, "party_mentioned": null}}, {"id": 1393561170469081094, "created_at": "Sat May 15 13:37:28 +0000 2021", "raw_text": "A bomo kot družba kdaj nehali trajbati o pravicah teh istospolnih LGBT? Spominjako me na sindikate...", "lemma_text": "a družba kdaj nehati trajbati pravica istospolen lgbt ? spominjati sindikat . . .", "hashtags": [], "mentions": ["BaticGabriel"], "user": {"name": "Jure Zorčič", "screen_name": "jzorcic", "description": "eyes wide shut."}, "prediction": {"label": "desno", "sentiment": "negative", "sentiment_score": 0.9342238306999207, "topic_bias": "desno", "topic_mentioned": "lgbtq", "topic_score": 0.32022200027247877, "party_bias": null, "party_mentioned": null}}, {"id": 1393780864706879489, "created_at": "Sun May 16 04:10:27 +0000 2021", "raw_text": "Ne pišite bedarij, temveč pojdite na referendum, če ste tako prepričani v svoj prav. Sem prepričana, da vas ne bodo podprli ne Srbi, ne Hrvati, ne Albanci in tudi ne Bosanci živeči v Sloveniji. Vsi ti našteti so še bolj tradicionalni kot mi in jim LGBTQI ni intimna opcija", "lemma_text": "pisati bedarija , iti referendum , prepričan . prepričan , podpreti srb , hrvat , albanec bosanec živeč slovenija . naštet bolj tradicionalen lgbtqi intimen opcija", "hashtags": [], "mentions": [], "user": {"name": "Indigo Blue 🍀🇸🇮🌺 #PorusimoMetelkovo", "screen_name": "IndigoB87654217", "description": "‼smrt , svoboda vsem‼ vrnite ukradeno vilo"}, "prediction": {"label": "desno", "sentiment": "negative", "sentiment_score": 0.9132220149040222, "topic_bias": "desno", "topic_mentioned": "lgbtq", "topic_score": 0.32022200027247877, "party_bias": null, "party_mentioned": null}}, {"id": 1393885298610802696, "created_at": "Sun May 16 11:05:26 +0000 2021", "raw_text": "Se eden z istim argumentom. A istospolni ne pijejo, se drogirajo, varajo itd. Ce si gej si perfekten clovek. Me res zanima iz kje izhaja ta percepcija. Sumim Hollywood in celotno, ocitno zelo dobro, LGBTCZUVI+ propagando.", "lemma_text": "argument . a istospolen piti , drogirati , varati itd. ce gej perfekten clovek . zanimati kje izhajati percepcija . sumiti hollywood celoten , ocitno zelo dober , lgbtczuvi + propaganda .", "hashtags": [], "mentions": ["Kakarotto30", "Johanca_4me"], "user": {"name": "Gabriel Batič", "screen_name": "BaticGabriel", "description": "borim se kot gabriel batistuta, a ne z zogo, temvec z besedami."}, "prediction": {"label": "desno", "sentiment": "negative", "sentiment_score": 0.8720218539237976, "topic_bias": "desno", "topic_mentioned": "lgbtq", "topic_score": 0.5078218491762475, "party_bias": null, "party_mentioned": null}}, {"id": 1394223812342845446, "created_at": "Mon May 17 09:30:34 +0000 2021", "raw_text": "Večja verjetnost je, da se na gejevski orgiji najde kakšnega posalnca SDS, kot pa da kdo od njih javno izrazi podporo LGBTQ+", "lemma_text": "velik verjetnost , gejevski orgija najti posalnec sds , javno izraziti podpora lgbtq +", "hashtags": [], "mentions": ["ZerjavicDelo"], "user": {"name": "Roman Vengada", "screen_name": "RomanVengada", "description": "what makes you special? don't think too hard, just have fun with it."}, "prediction": {"label": "desno", "sentiment": "negative", "sentiment_score": 0.7677369117736816, "topic_bias": "desno", "topic_mentioned": "lgbtq", "topic_score": 0.505619953008603, "party_bias": "levo", "party_mentioned": "SDS"}}, {"id": 1393957968530579459, "created_at": "Sun May 16 15:54:12 +0000 2021", "raw_text": "Braniti danes krščanstvo, ki noče biti več naša identiteta, je podobno, kot v konfliktu z islamom braniti LGBTQ+ perverznosti. Ta zgodba je mrtva. In Azijci (Tajci, Kitajci) so v sodobnem času edini znali islamizmu nadeti uzdo v svojih domovinah. Brez pomoči krščanstva. /", "lemma_text": "braniti danes krščanstvo , več identiteta , podoben , konflikt islam braniti lgbtq + perverznost . zgodba mrtev . azijec ( tajec , kitajec ) sodoben čas edin znati islamizem nadeti uzda domovina . pomoč krščanstvo . /", "hashtags": [], "mentions": [], "user": {"name": "Dvorni pisar z licenco", "screen_name": "Kritika57666637", "description": "ervinu rommlu so z nazivom \"puščavski lisjak\" naredili veliko krivico. te zveri so namreč eni drugi."}, "prediction": {"label": "desno", "sentiment": "negative", "sentiment_score": 0.9271060824394226, "topic_bias": "desno", "topic_mentioned": "lgbtq", "topic_score": 0.505619953008603, "party_bias": null, "party_mentioned": null}}, {"id": 1394275137718034434, "created_at": "Mon May 17 12:54:31 +0000 2021", "raw_text": "Naj uganem. Kdor ni za LGBTQ, je fašist? Ne hvala. Spokajte s svojimi zlobnimi ideologijami!", "lemma_text": "uganiti . lgbtq , fašist ? hvala . spokati zloben ideologija !", "hashtags": [], "mentions": ["strankaSD"], "user": {"name": "Marko Andolšek", "screen_name": "MareAndi", "description": ""}, "prediction": {"label": "desno", "sentiment": "negative", "sentiment_score": 0.9481772780418396, "topic_bias": "desno", "topic_mentioned": "lgbtq", "topic_score": 0.22215231666869453, "party_bias": "desno", "party_mentioned": "SD"}}, {"id": 1394369970184888321, "created_at": "Mon May 17 19:11:21 +0000 2021", "raw_text": "Pa še pesmarco! Kje je kakšna šiptarska? Šipčiriči Mičo Muriči burek danes ne spljoh, peč pokvarjen. Pa tole o seksi blondinah! Madona vendar! LGBTQ skupnost in feministke na smrt užaljeni. Ostane jim le še samomorilski bombni napad.", "lemma_text": "pesmarca ! kje šiptarski ? šipčiriči mičo muriči burek danes spljeh , peč pokvarjen . seksi blondina ! madona ! lgbtq skupnost feministka smrt užaljen . ostati samomorilski bomben napad .", "hashtags": [], "mentions": ["V00Valentin", "Johanca_4me", "strankaSD"], "user": {"name": "Marko Andolšek", "screen_name": "MareAndi", "description": ""}, "prediction": {"label": "desno", "sentiment": "negative", "sentiment_score": 0.9450141191482544, "topic_bias": "desno", "topic_mentioned": "lgbtq", "topic_score": 0.22215231666869453, "party_bias": "desno", "party_mentioned": "SD"}}, {"id": 1394306474957058051, "created_at": "Mon May 17 14:59:03 +0000 2021", "raw_text": "Z veseljem drugim dovolim, da so to, kar želijo. Ne dovolim pa jim, da to pravico vzamejo meni. Če so oni LGBT..., to še ne pomeni, da moramo biti vsi. In se ne rabimo vsi strinjati z njihovo propagando v vrtcih in šolah. To je zunaj dovoljenja, da so, kar želijo biti.", "lemma_text": "veselje , , . , pravica vzeti . lgbt . . . , pomeniti , . rabiti strinjati propaganda vrtec šola . dovoljenje , , .", "hashtags": [], "mentions": ["strankaSD"], "user": {"name": "Jože Gašparič", "screen_name": "jozegas", "description": ""}, "prediction": {"label": "desno", "sentiment": "negative", "sentiment_score": 0.6413112878799438, "topic_bias": "desno", "topic_mentioned": "lgbtq", "topic_score": 0.22215231666869453, "party_bias": "desno", "party_mentioned": "SD"}}, {"id": 1394228827069505537, "created_at": "Mon May 17 09:50:30 +0000 2021", "raw_text": "Še vedno smo daleč od popolne vključenosti in sprejemanja, ki si ju zaslužijo LGBTIQ osebe. je zato pripravila prvo strategijo za enakost za obdobje 2020–25, drž. EU pa pozivamo naj s svojimi strategijami dopolnijo in okrepijo ukrepanje EU.", "lemma_text": "vedno daleč popoln vključenost sprejemanje , zaslužiti lgbtiti oseba . zato pripraviti strategija enakost obdobje 2020 – 25 , drž. eu pozivati strategija dopolniti okrepiti ukrepanje eu .", "hashtags": [], "mentions": [], "user": {"name": "Evropska komisija", "screen_name": "EKvSloveniji", "description": "predstavništvo evropske komisije v sloveniji predstavlja evropsko komisijo. skrbimo za dobro obveščenost o delovanju, odločitvah in stališčih evropske komisije."}, "prediction": {"label": "desno", "sentiment": "negative", "sentiment_score": 0.5945495367050171, "topic_bias": "desno", "topic_mentioned": "lgbtq", "topic_score": 0.22215231666869453, "party_bias": null, "party_mentioned": null}}, {"id": 1394250749803171840, "created_at": "Mon May 17 11:17:37 +0000 2021", "raw_text": "V Evropski uniji ima vsakdo pravico ljubiti kogar koli hoče. Zato je Evropski parlament razglasil EU za svobodno območje za osebe LGBTIQ. Na mednarodni dan boja proti homofobiji, transfobiji in bifobiji se je tudi Hiša Evropske unije odela v mavrične barve.", "lemma_text": "evropski unija imeti pravica ljubiti . zato evropski parlament razglasiti eu svoboden območje oseba lgbtiq . mednaroden dan boj homofobija , transfobija bifobija hiša evropski unija odeti mavričen barva .", "hashtags": ["HišaEU", "IDAHO"], "mentions": [], "user": {"name": "EP_Slovenija", "screen_name": "EP_Slovenija", "description": "za vas tvitamo iz pisarne evropskega parlamenta v sloveniji: o delu za slovenijo . rt ne odraža stališč parlamenta."}, "prediction": {"label": "levo", "sentiment": "positive", "sentiment_score": 0.6598129868507385, "topic_bias": "levo", "topic_mentioned": "lgbtq", "topic_score": 0.22215231666869453, "party_bias": null, "party_mentioned": null}}, {"id": 1394295991893991428, "created_at": "Mon May 17 14:17:23 +0000 2021", "raw_text": "in ti se tolažiš ker je fant začel pri riti, pusti to, ta je sigurn od LGBT", "lemma_text": "tolažiti fant začeti rit , pustiti , sigurn lgbt", "hashtags": [], "mentions": ["peterjancic"], "user": {"name": "Ljubo Makovec", "screen_name": "LjuboMakovec", "description": ""}, "prediction": {"label": "desno", "sentiment": "negative", "sentiment_score": 0.9464467167854309, "topic_bias": "desno", "topic_mentioned": "lgbtq", "topic_score": 0.22215231666869453, "party_bias": null, "party_mentioned": null}}, {"id": 1394244706817744897, "created_at": "Mon May 17 10:53:36 +0000 2021", "raw_text": "Seveda. Leva politika oz. LGBT ideologija (ob izdatni podpori feminizma, ki je prežet z lezbijkami) je z glasovalnim trikom (v ZDA) dosegla, da so homoseksualnost izbrisali iz psihiatričnega diagnostičnega registra. Poudarjam: z GLASOVALNIM TRIKOM, s prelisičenjem.", "lemma_text": ". lev politika oz. lgbt ideologija ( izdaten podpora feminizem , prežet lezbijka ) glasovalen trik ( zda ) doseči , homoseksualnost izbrisati psihiatričen diagnostičen register . poudarjati : glasovalen trik , prelisičenje .", "hashtags": [], "mentions": ["FPlevnik"], "user": {"name": "Roman Vodeb", "screen_name": "RomanVodeb", "description": "mislim, torej nekaj biva, a ni nujno, da sem to jaz"}, "prediction": {"label": "desno", "sentiment": "negative", "sentiment_score": 0.6235776543617249, "topic_bias": "desno", "topic_mentioned": "lgbtq", "topic_score": 0.22215231666869453, "party_bias": null, "party_mentioned": null}}, {"id": 1394359978002194433, "created_at": "Mon May 17 18:31:39 +0000 2021", "raw_text": "ti so vedno bolj nori. kmalu jim bo zmanjkalo črk za vse motnje, za katerimi stojijo. LGBT...Q...I?", "lemma_text": "vedno bolj nor . kmalu zmanjkati črka motnja , stati . lgbt . . . q . . . i ?", "hashtags": [], "mentions": [], "user": {"name": "joIanda", "screen_name": "jolandab88", "description": "this is not really me, yeah"}, "prediction": {"label": "desno", "sentiment": "negative", "sentiment_score": 0.9641515016555786, "topic_bias": "desno", "topic_mentioned": "lgbtq", "topic_score": 0.22215231666869453, "party_bias": null, "party_mentioned": null}}, {"id": 1394203416323366912, "created_at": "Mon May 17 08:09:32 +0000 2021", "raw_text": "Groza, kaj je naredila LGBTp kamarila! Zdaj šele razumem, zakaj tak porast gej populacije! Pa še to: zakaj so, do pikice, vse enake? Od embalaže do vsebine, ki je ni (s)ploh!", "lemma_text": "groza , narediti lgbtp kamarila ! zdaj razumeti , porast gej populacija ! : , pikica , ? embalaža vsebina , ( ) ploha !", "hashtags": ["sploh"], "mentions": ["anusabole", "podalpski"], "user": {"name": "vanja dolžan", "screen_name": "vanjadolzan", "description": "twitter is nationalsocialistic censorship company"}, "prediction": {"label": "desno", "sentiment": "negative", "sentiment_score": 0.9596041440963745, "topic_bias": "desno", "topic_mentioned": "lgbtq", "topic_score": 0.22215231666869453, "party_bias": null, "party_mentioned": null}}, {"id": 1394430127220707328, "created_at": "Mon May 17 23:10:24 +0000 2021", "raw_text": "V enem stavku ta vladni uradnik, kot se imenuje, pravi “ne glede na to, kdo si ali koga ljubis”. V naslednjem:”zavezani smo napredku lgbtq+ pravic doma in po svetu”. Prevod: kurc vas gleda, hetero ljudje, dajte dnar in bodite tiho.", "lemma_text": "stavek vladen uradnik , imenovati , praviti “ glede , ljubis ” . naslednji : ” zavezan napredek lgbtq + pravica dom svet ” . prevod : kurc gledati , heteri človek , dati dnar tiho .", "hashtags": [], "mentions": [], "user": {"name": "Mark Ogner", "screen_name": "Oga23", "description": "zavarovalničar...kljub temu me eni imajo radi. :-)"}, "prediction": {"label": "desno", "sentiment": "negative", "sentiment_score": 0.938772976398468, "topic_bias": "desno", "topic_mentioned": "lgbtq", "topic_score": 0.22215231666869453, "party_bias": null, "party_mentioned": null}}, {"id": 1394259529613856778, "created_at": "Mon May 17 11:52:30 +0000 2021", "raw_text": "Je pa hec, kako isti ljudje podpirajo LGBTQ skupnost potem pa zagovarjajo naselitev ljudi s skupnosti, ki ne dovoli ženskam niti osnovnih človekovih pravic.", "lemma_text": "hec , človek podpirati lgbtq skupnost potem zagovarjati naselitev človek skupnost , ženska osnoven človekov pravica .", "hashtags": [], "mentions": ["PreglArjan"], "user": {"name": "Insider No. 1", "screen_name": "NoInsider", "description": ""}, "prediction": {"label": "desno", "sentiment": "negative", "sentiment_score": 0.8606669306755066, "topic_bias": "desno", "topic_mentioned": "lgbtq", "topic_score": 0.5043378071852205, "party_bias": null, "party_mentioned": null}}, {"id": 1394231979063795718, "created_at": "Mon May 17 10:03:02 +0000 2021", "raw_text": "Danes je mednarodni dan boja proti homofobiji, bifobiji in transfobiji. LGBTIQ+ Nekaj dejstev in podatkov", "lemma_text": "danes mednaroden dan boj homofobija , bifobija transfobija . lgbtiq + dejstvo podatek", "hashtags": [], "mentions": [], "user": {"name": "Jana Javornik", "screen_name": "JanaSvenska", "description": "academic ex- | with | director-general of he in si"}, "prediction": {"label": "levo", "sentiment": "positive", "sentiment_score": 0.7184097170829773, "topic_bias": "levo", "topic_mentioned": "lgbtq", "topic_score": 0.5043378071852205, "party_bias": null, "party_mentioned": null}}, {"id": 1394365015931736067, "created_at": "Mon May 17 18:51:40 +0000 2021", "raw_text": "kot moški spolni organ. Je tako zaslepljen z LGBT tematiko, da ne ve da je to kurac", "lemma_text": "moški spolen organ . zaslepljen lgbt tematika , vedeti kurec", "hashtags": [], "mentions": ["Ajnat21448736", "Dnevnik_si"], "user": {"name": "zeleni.jurij46", "screen_name": "ZJurij46", "description": "preprost kmečki fant"}, "prediction": {"label": "desno", "sentiment": "negative", "sentiment_score": 0.964813768863678, "topic_bias": "desno", "topic_mentioned": "lgbtq", "topic_score": 0.5043378071852205, "party_bias": null, "party_mentioned": null}}, {"id": 1394523933517533185, "created_at": "Tue May 18 05:23:09 +0000 2021", "raw_text": "Po Armadi iz Reke, danes v akciji tudi Bad Blue Boysi iz Zagreba – iz drogu sneli LGBT zastavo", "lemma_text": "armada reka , danes akcija bad blue boys zagreb – drog sneti lgbt zastava", "hashtags": [], "mentions": [], "user": {"name": "Glavni urednik NTA", "screen_name": "glavniurednik1", "description": "smo neodvisni medij v službi domovine."}, "prediction": {"label": "levo", "sentiment": "positive", "sentiment_score": 0.6441470384597778, "topic_bias": "levo", "topic_mentioned": "lgbtq", "topic_score": 0.5043378071852205, "party_bias": null, "party_mentioned": null}}, {"id": 1394389391691366403, "created_at": "Mon May 17 20:28:32 +0000 2021", "raw_text": "Hell to the NO! Idi svojo propagando LGBTŽNJPSGC širit nekam drugam. V Palestino recimo. V Sloveniji smo za tradicionalno družino.", "lemma_text": "hell the no ! ideti propaganda lgbtžnjpsgc širiti nekam drugam . palestina reči . slovenija tradicionalen družina .", "hashtags": [], "mentions": [], "user": {"name": "Matjaž#❤️🇸🇮pijem špricare s Panterjem", "screen_name": "antileftard", "description": "25.000% štajerc. živim na 7m² in voda je moj prijatelj."}, "prediction": {"label": "desno", "sentiment": "negative", "sentiment_score": 0.819672167301178, "topic_bias": "desno", "topic_mentioned": "lgbtq", "topic_score": 0.5043378071852205, "party_bias": null, "party_mentioned": null}}, {"id": 1394502158242955265, "created_at": "Tue May 18 03:56:37 +0000 2021", "raw_text": "Res mi dol visi kdo koga nažiga u ta zadnjo. Je pa mojega potrplenja konec, ko ti toplovodarji prično mojim otrokom razlagati teorijo spola. Sicer pa: ali je med levičarji res tako velik procent LGBTXXXX modelov, da se tako hudo razmetavate za ta del volilne baze?", "lemma_text": "dol viseti nažigati u zadnji . potrplenje konec , toplovodar pričeti otrok razlagati teorija spol . : levičar velik procent lgbtxxxx model , hudo razmetavati del volilen baza ?", "hashtags": [], "mentions": ["tfajon"], "user": {"name": "Ciril", "screen_name": "CirilJenko", "description": "zaveden slovenec, ki mu moralne vrednote, poštenje in stara dunajska šola še nekaj pomenijo."}, "prediction": {"label": "desno", "sentiment": "negative", "sentiment_score": 0.9273771643638611, "topic_bias": "desno", "topic_mentioned": "lgbtq", "topic_score": 0.5043378071852205, "party_bias": "desno", "party_mentioned": "SD"}}, {"id": 1394320896488321028, "created_at": "Mon May 17 15:56:21 +0000 2021", "raw_text": "Nebi vam škodovalo prebrati kakšno knjigo. Če bi jo, bi morda vedeli da Komunizem definitivno ni sprejemal LGBTQ oseb. Razen če mislite da je goli otok bilo gejevsko letovišče", "lemma_text": "neb škodovati prebrati knjiga . , vedeti komunizem definitivno sprejemati lgbtf oseba . misliti gol otok gejevski letovišče", "hashtags": [], "mentions": ["SDomobran", "strankaSD"], "user": {"name": "Roman Vengada", "screen_name": "RomanVengada", "description": "what makes you special? don't think too hard, just have fun with it."}, "prediction": {"label": "desno", "sentiment": "negative", "sentiment_score": 0.5902026891708374, "topic_bias": "desno", "topic_mentioned": "lgbtq", "topic_score": 0.5043378071852205, "party_bias": "desno", "party_mentioned": "SD"}}, {"id": 1394738153508986885, "created_at": "Tue May 18 19:34:23 +0000 2021", "raw_text": "Pogledal in poslušal odlično Ano Soklič in nato preklopil LGBT seanse.", "lemma_text": "pogledati poslušati odličen ana soklič nato preklopiti lgbt seansa .", "hashtags": [], "mentions": ["DivnaErzen"], "user": {"name": "Traven Bine 😷", "screen_name": "BineTraven", "description": "go nsi!"}, "prediction": {"label": "levo", "sentiment": "positive", "sentiment_score": 0.5382797718048096, "topic_bias": "levo", "topic_mentioned": "lgbtq", "topic_score": 0.4807079561431317, "party_bias": null, "party_mentioned": null}}, {"id": 1394549273321160705, "created_at": "Tue May 18 07:03:50 +0000 2021", "raw_text": "Čak čak, kaj pa pritlehno hujskanje SDS proti tujcem, lgbt, vsemu kar ni SDS pravzaprav? Aja, saj res, 500€ k penziji pa cnej vinjeta in bencin po 0.50€ bo :)", "lemma_text": "čak čak , pritlehen hujskanje sds tujec , lgbt , sds ? aja , , 500 € penzija cnej vinjeta bencin 0.50 € :)", "hashtags": [], "mentions": ["BostjanFegus", "sarecmarjan"], "user": {"name": "Klemen Kotar", "screen_name": "Soulata", "description": ""}, "prediction": {"label": "desno", "sentiment": "negative", "sentiment_score": 0.5621280670166016, "topic_bias": "desno", "topic_mentioned": "lgbtq", "topic_score": 0.46669931570835965, "party_bias": null, "party_mentioned": null}}, {"id": 1369980361300709377, "created_at": "Thu Mar 11 11:55:45 +0000 2021", "raw_text": "Janez dobi alergijo, ko gre mimo LGBT prijaznega vrtca. Takoj pomisli na teorijo spola in podvomi v svojo moškost (malo heca more bit)", "lemma_text": "janez dobiti alergija , iti lgbt prijazen vrtec . takoj pomisliti teorija spol podvomiti moškost ( malo hecati bit )", "hashtags": [], "mentions": ["rokomavh", "RobertaMetsola", "EPPGroup", "JanezPogorelec", "NovaSlovenija"], "user": {"name": "Blaž", "screen_name": "Blaz_88", "description": "»cogito ergo sum.«"}, "prediction": {"label": "desno", "sentiment": "negative", "sentiment_score": 0.9286067485809326, "topic_bias": "desno", "topic_mentioned": "lgbtq", "topic_score": 0.5137514609708187, "party_bias": "levo", "party_mentioned": "NSi"}}, {"id": 1369935486966509570, "created_at": "Thu Mar 11 08:57:26 +0000 2021", "raw_text": "Poglej dvolično SD... pravi komunisti bi LGBT in miigrante naterali na Goli otok.. SD pa sledijo bolj nasvetom gospoda George(a) Soros(a).", "lemma_text": "pogledati dvoličen sd . . . pravi komunist lgbt miigrant naterati gol otok . . sd slediti bolj nasvet gospod george ( a ) soros ( a ) .", "hashtags": [], "mentions": ["PSlajnar"], "user": {"name": "vojnaslo91", "screen_name": "vojnaslo91", "description": ""}, "prediction": {"label": "desno", "sentiment": "negative", "sentiment_score": 0.9363281726837158, "topic_bias": "desno", "topic_mentioned": "lgbtq", "topic_score": 0.5137514609708187, "party_bias": "desno", "party_mentioned": "SD"}}, {"id": 1370001302177075200, "created_at": "Thu Mar 11 13:18:58 +0000 2021", "raw_text": "Ce je glava bolana, ceu telo trpi Pripadnik LGBT v Črni Gori lagal, da so ga napadli! “Napad” nanj obsodila srbska pravoslavna cerkev! via", "lemma_text": "ce glava bolan , ceu telo trpeti pripadnik lgbt črn gora lagati , napasti ! “ napad ” obsoditi srbski pravoslaven cerkev ! via", "hashtags": [], "mentions": ["Nova24TV"], "user": {"name": "Voranc 🇸🇮", "screen_name": "Voranc5", "description": "skavt, hokeist, gobar, modelar, smucar, tekac,ribic, planinec,potapljac, amaterski fotograf"}, "prediction": {"label": "desno", "sentiment": "negative", "sentiment_score": 0.9609178304672241, "topic_bias": "desno", "topic_mentioned": "lgbtq", "topic_score": 0.5137514609708187, "party_bias": null, "party_mentioned": null}}, {"id": 1369912306449186817, "created_at": "Thu Mar 11 07:25:20 +0000 2021", "raw_text": "Evropski parlament bo danes razglasil EU za območje svobode LGBTI", "lemma_text": "evropski parlament danes razglasiti eu območje svoboda lgbti", "hashtags": [], "mentions": [], "user": {"name": "Peter Žerjavič, Delo", "screen_name": "ZerjavicDelo", "description": ""}, "prediction": {"label": "levo", "sentiment": "positive", "sentiment_score": 0.6007896065711975, "topic_bias": "levo", "topic_mentioned": "lgbtq", "topic_score": 0.5137514609708187, "party_bias": null, "party_mentioned": null}}, {"id": 1370038047455244289, "created_at": "Thu Mar 11 15:44:59 +0000 2021", "raw_text": "Evropski parlament je s prepričljivo večino razglasil EU za območje svobode za LGBTIQ", "lemma_text": "evropski parlament prepričljiv večina razglasiti eu območje svoboda lgbtiq", "hashtags": [], "mentions": [], "user": {"name": "Peter Žerjavič, Delo", "screen_name": "ZerjavicDelo", "description": ""}, "prediction": {"label": "levo", "sentiment": "positive", "sentiment_score": 0.6067579984664917, "topic_bias": "levo", "topic_mentioned": "lgbtq", "topic_score": 0.5137514609708187, "party_bias": null, "party_mentioned": null}}, {"id": 1370131949373784067, "created_at": "Thu Mar 11 21:58:07 +0000 2021", "raw_text": "Alan Turing. Vsakič znova, ko se “problematizira” LGBT, pomislim nanj. Na to, koliko življenj je rešil. Na to, koliko je dal civilizaciji. Kljub temu, kaj so mu počeli...", "lemma_text": "alan turing . vsakič znova , “ problematizirati ” lgbt , pomisliti . , življenje rešiti . , dati civilizacija . , početi . . .", "hashtags": [], "mentions": [], "user": {"name": "loka_republika_loca 🇬🇧", "screen_name": "Z3MQP", "description": "someone who does precision guesswork based on unreliable data, provided by those of a questionable knowledge. see also wizard, magician."}, "prediction": {"label": "levo", "sentiment": "positive", "sentiment_score": 0.4675656855106354, "topic_bias": "levo", "topic_mentioned": "lgbtq", "topic_score": 0.5137514609708187, "party_bias": null, "party_mentioned": null}}, {"id": 1370072531152076801, "created_at": "Thu Mar 11 18:02:00 +0000 2021", "raw_text": "Kaj imajo spet v načrtu??? Začeti že v vrtcih vzgajati otročke v LGBT stilu???? Mršššš....stran od naših otrok in vnukov!!!", "lemma_text": "imeti načrt ? ? ? začeti vrtec vzgajati otroček lgbt stil ? ? ? ? mršššše . . . . stran otrok vnuk ! ! !", "hashtags": [], "mentions": [], "user": {"name": "Tatjana 🇸🇮", "screen_name": "spagetyuse", "description": "resnica, pravica, poštenje, mir..moji prijatelji niso hinavci truth, justice, honesty, peace ... my friends are not hypocrites"}, "prediction": {"label": "desno", "sentiment": "negative", "sentiment_score": 0.9650413990020752, "topic_bias": "desno", "topic_mentioned": "lgbtq", "topic_score": 0.5137514609708187, "party_bias": null, "party_mentioned": null}}, {"id": 1370057193861623809, "created_at": "Thu Mar 11 17:01:04 +0000 2021", "raw_text": "Z popačenim in pristranskim informiranjem potem posledično \"pade\" vse. S tem naredijo pot za javno in prikrito oglaševanje LGBT agende v izobraževalnih oddajah in filmih.", "lemma_text": "popačen pristranski informiranje potem posledično \" pasti \" . narediti pot javen prikrit oglaševanje lgbt agenda izobraževalen oddaja film .", "hashtags": [], "mentions": ["RenskeSvetlin"], "user": {"name": "Traven Bine 😷", "screen_name": "BineTraven", "description": "go nsi!"}, "prediction": {"label": "desno", "sentiment": "negative", "sentiment_score": 0.8467743992805481, "topic_bias": "desno", "topic_mentioned": "lgbtq", "topic_score": 0.5137514609708187, "party_bias": null, "party_mentioned": null}}, {"id": 1369922107279343617, "created_at": "Thu Mar 11 08:04:16 +0000 2021", "raw_text": "LGBTIQ+. Smo jih opomnili in so v zadnji verziji, ki sem jo videla, upoštevali.", "lemma_text": "lgbtiq + . opomniti zadnji verzija , videti , upoštevati .", "hashtags": [], "mentions": ["ZerjavicDelo", "UrosEsih"], "user": {"name": "Jana Javornik", "screen_name": "JanaSvenska", "description": "academic ex- | research w | director-general of he in si"}, "prediction": {"label": "levo", "sentiment": "positive", "sentiment_score": 0.5417638421058655, "topic_bias": "levo", "topic_mentioned": "lgbtq", "topic_score": 0.5137514609708187, "party_bias": null, "party_mentioned": null}}, {"id": 1369979726215909378, "created_at": "Thu Mar 11 11:53:14 +0000 2021", "raw_text": "Pa namorš te LGBTIQ propagande cepit na naše tradicionalne evropske krščanske vrednote in tradicije. Saj gre vendar za naše otroke!", "lemma_text": "namoriti lgbtiti propaganda cepiti tradicionalen evropski krščanski vrednota tradicija . iti otrok !", "hashtags": [], "mentions": ["Blaz_88", "RobertaMetsola", "EPPGroup", "JanezPogorelec", "NovaSlovenija"], "user": {"name": "Rok Omavh", "screen_name": "rokomavh", "description": ""}, "prediction": {"label": "desno", "sentiment": "negative", "sentiment_score": 0.923294186592102, "topic_bias": "desno", "topic_mentioned": "lgbtq", "topic_score": 0.5088555601406268, "party_bias": "levo", "party_mentioned": "NSi"}}, {"id": 1369919909636018178, "created_at": "Thu Mar 11 07:55:32 +0000 2021", "raw_text": "Zavrnimo poizkuse indoktrinacije naših otrok z LGBT+P ideologijo. LGBTjevci, v svobodni družbi imate vso pravico za 4 stenami s svobodovoljnimi polnoletnimi početi vse sprevrženosti, ki si jih zamišljate, naše otroke pa boste pustili pri miru!", "lemma_text": "zavrniti poizkus indoktrinacija otrok lgbt + p ideologija . lgbtjevec , svoboden družba imeti pravica 4 stena svobodovoljen polnoleten početi sprevrženost , zamišljati , otrok pustiti mir !", "hashtags": [], "mentions": [], "user": {"name": "DOM", "screen_name": "DomovinskaLiga", "description": "najprej slovenija! za varnost in blaginjo slovenskih državljanov! za suvereno slovenijo v evropi domovin in svobode!"}, "prediction": {"label": "desno", "sentiment": "negative", "sentiment_score": 0.8808004856109619, "topic_bias": "desno", "topic_mentioned": "lgbtq", "topic_score": 0.5088555601406268, "party_bias": null, "party_mentioned": null}}, {"id": 1369930220736811008, "created_at": "Thu Mar 11 08:36:31 +0000 2021", "raw_text": "Levičarji ob pomoči vazelinske desnice spreminjajo EU v pederlandijo. EU, ki ji vlada LGBT+P totalitarizem, zavračamo.", "lemma_text": "levičar pomoč vazelinski desnica spreminjati eu pederlandija . eu , vladati lgbt + p totalitarizem , zavračati .", "hashtags": [], "mentions": [], "user": {"name": "DOM", "screen_name": "DomovinskaLiga", "description": "najprej slovenija! za varnost in blaginjo slovenskih državljanov! za suvereno slovenijo v evropi domovin in svobode!"}, "prediction": {"label": "desno", "sentiment": "negative", "sentiment_score": 0.928611695766449, "topic_bias": "desno", "topic_mentioned": "lgbtq", "topic_score": 0.5088555601406268, "party_bias": null, "party_mentioned": null}}, {"id": 1370129791593152512, "created_at": "Thu Mar 11 21:49:32 +0000 2021", "raw_text": "LGBTQ se zažira v vse pore družbe.", "lemma_text": "lgbtq zažirati pora družba .", "hashtags": [], "mentions": ["RomanVodeb"], "user": {"name": "Janez Kranjcan 🇸🇮 Not #COVID19,but #chinesevirus", "screen_name": "JKranjcan", "description": "buuuui, levičarji! janša vas bo pojedel!"}, "prediction": {"label": "desno", "sentiment": "negative", "sentiment_score": 0.6017827391624451, "topic_bias": "desno", "topic_mentioned": "lgbtq", "topic_score": 0.5088555601406268, "party_bias": null, "party_mentioned": null}}, {"id": 1370133425508777986, "created_at": "Thu Mar 11 22:03:59 +0000 2021", "raw_text": "Marx in Engels sta živela in delovala pred 150 leti - torej pred Freudom, pred rojstvom psihoanalize. Dandanes se stvari okrog družine in spolov (feminizma  LGBT) vidijo čisto drugače. Še veleum Freud ne bi vsega današnjega \"sranja\" sprocesiral.", "lemma_text": "marx engels živeti delovati 150 leto - freud , rojstvo psihoanaliza . dandanes stvar družina spol ( feminizem lgbt ) videti čisto drugače . veleum freud današnji \" sranje \" sprocesirati .", "hashtags": [], "mentions": ["lukahooka"], "user": {"name": "Roman Vodeb", "screen_name": "RomanVodeb", "description": "mislim, torej nekaj biva, a ni nujno, da sem to jaz"}, "prediction": {"label": "desno", "sentiment": "negative", "sentiment_score": 0.6995939612388611, "topic_bias": "desno", "topic_mentioned": "lgbtq", "topic_score": 0.5088555601406268, "party_bias": null, "party_mentioned": null}}, {"id": 1369988194343784449, "created_at": "Thu Mar 11 12:26:53 +0000 2021", "raw_text": "Pripadnik LGBT v Črni Gori lagal, da so ga napadli! “Napad” nanj obsodila srbska pravoslavna cerkev!", "lemma_text": "pripadnik lgbt črn gora lagati , napasti ! “ napad ” obsoditi srbski pravoslaven cerkev !", "hashtags": [], "mentions": [], "user": {"name": "Nova24TV", "screen_name": "Nova24TV", "description": ""}, "prediction": {"label": "desno", "sentiment": "negative", "sentiment_score": 0.9602363109588623, "topic_bias": "desno", "topic_mentioned": "lgbtq", "topic_score": 0.5088555601406268, "party_bias": null, "party_mentioned": null}}, {"id": 1370269730217590784, "created_at": "Fri Mar 12 07:05:36 +0000 2021", "raw_text": "Istospolni te bo lahko nadlegoval.... pa ne bo nič JA ali NE ... Po moje bo tako, da posilstva pr LGBT ne bo", "lemma_text": "istospolen lahko nadlegovati . . . . . . . , posilstvo pr lgbt", "hashtags": [], "mentions": ["Spela66925983", "ZerjavicDelo"], "user": {"name": "Vlasta", "screen_name": "Vlasta50105927", "description": ""}, "prediction": {"label": "desno", "sentiment": "negative", "sentiment_score": 0.4120067059993744, "topic_bias": "desno", "topic_mentioned": "lgbtq", "topic_score": 0.5156235491204622, "party_bias": null, "party_mentioned": null}}, {"id": 1370261425810202624, "created_at": "Fri Mar 12 06:32:36 +0000 2021", "raw_text": "Bebci, ki ne dojemajo razlike med VSILJEVANJEM IDEOLOGIJE lgbt in med njihovimi privat dejanji, kadar niso nasilna ali v nasprotju z zakonom, imajo ogromen delež krivde v razkrajanju družbenega tkiva in porivajo male narode v propad. A jih čakajo muslimanski bratje za vogalom...", "lemma_text": "bebec , dojemati razlika vsiljevanje ideologija lgbt privat dejanje , nasilen nasprotje zakon , imeti ogromen delež krivda razkrajanje družben tkivo porivati mali narod propad . a čakati muslimanski brat vogal . . .", "hashtags": [], "mentions": [], "user": {"name": "Rodobit", "screen_name": "Altfight1", "description": "ljubezni domačije, noben naj vam ne osmerti strup! ker po nas bode vas jo serčno varvat' klical čas."}, "prediction": {"label": "desno", "sentiment": "negative", "sentiment_score": 0.929133951663971, "topic_bias": "desno", "topic_mentioned": "lgbtq", "topic_score": 0.5156235491204622, "party_bias": null, "party_mentioned": null}}, {"id": 1370011910989565953, "created_at": "Thu Mar 11 14:01:07 +0000 2021", "raw_text": "Ja, tudi lgbt ljudje so božji otroci. Zato je še kako potrebno da oznanjam resnico, ker gre za blagor duš.", "lemma_text": ", lgbt človek božji otrok . zato potreben oznanjati resnica , iti blagor duša .", "hashtags": [], "mentions": ["Kosiritch", "pipermanaus", "rokomavh", "Blaz_88", "JanezPogorelec"], "user": {"name": "Tadej Ložar", "screen_name": "LozarTadej", "description": "prvo kristusov duhovnik potem vse drugo. trenutno kaplan na igu."}, "prediction": {"label": "levo", "sentiment": "positive", "sentiment_score": 0.5590193271636963, "topic_bias": "levo", "topic_mentioned": "lgbtq", "topic_score": 0.5156235491204622, "party_bias": null, "party_mentioned": null}}, {"id": 1370021638452912135, "created_at": "Thu Mar 11 14:39:47 +0000 2021", "raw_text": "Ko govorimo o vključenosti lgbt ljudi to ne pomeni da sem dolžan podpirati vse kar si namislijo. Nenazadnje ljubiti bližnjega kakor samega sebe in tolerirati nekoga sta dva različna pojma.", "lemma_text": "govoriti vključenost lgbt človek pomeniti dolžen podpirati namisliti . nenazadnje ljubiti bližnji sam tolerirati različen pojem .", "hashtags": [], "mentions": ["rokomavh", "Kosiritch", "pipermanaus", "Blaz_88", "JanezPogorelec"], "user": {"name": "Tadej Ložar", "screen_name": "LozarTadej", "description": "prvo kristusov duhovnik potem vse drugo. trenutno kaplan na igu."}, "prediction": {"label": "desno", "sentiment": "negative", "sentiment_score": 0.4158160984516144, "topic_bias": "desno", "topic_mentioned": "lgbtq", "topic_score": 0.5156235491204622, "party_bias": null, "party_mentioned": null}}, {"id": 1370049550510125067, "created_at": "Thu Mar 11 16:30:41 +0000 2021", "raw_text": "Problem je vtem da radikalni ideologi sodobne levice in liberalcev skupaj z radikali v Lgbt skupnosti skušajo uvesti verbalni delikt zoper tiste, ki bi nasprotovali njihovi agendi. Samo to problematiziram", "lemma_text": "problem vtem radikalen ideolog sodoben levica liberalec skupaj radikal lgbt skupnost skušati uvesti verbalen delikt , nasprotovati agenda . problematizirati", "hashtags": [], "mentions": ["Blaz_88", "rokomavh", "Kosiritch", "pipermanaus", "JanezPogorelec"], "user": {"name": "Tadej Ložar", "screen_name": "LozarTadej", "description": "prvo kristusov duhovnik potem vse drugo. trenutno kaplan na igu."}, "prediction": {"label": "desno", "sentiment": "negative", "sentiment_score": 0.944781482219696, "topic_bias": "desno", "topic_mentioned": "lgbtq", "topic_score": 0.5156235491204622, "party_bias": "desno", "party_mentioned": "Levica"}}, {"id": 1370245034927398912, "created_at": "Fri Mar 12 05:27:28 +0000 2021", "raw_text": "Ne bojo odnehal dokler ne bo ornk pizdarije, sam pol ne bo dobr za nobenega. Lgbt ne bodo odnehal, ni meja, žal. Ekonom lonec se kuha.", "lemma_text": "odnehati dokler ornk pizdarija , sam pol dober . lgbt odnehati , meja , . ekonom lonec kuhati .", "hashtags": [], "mentions": ["RomanVodeb", "MiroGec65"], "user": {"name": "Simon K", "screen_name": "SimonK95016243", "description": ""}, "prediction": {"label": "desno", "sentiment": "negative", "sentiment_score": 0.9648305177688599, "topic_bias": "desno", "topic_mentioned": "lgbtq", "topic_score": 0.5156235491204622, "party_bias": null, "party_mentioned": null}}, {"id": 1370249157269716992, "created_at": "Fri Mar 12 05:43:51 +0000 2021", "raw_text": "Lgbtq..... so se strgal s ketne. Potrebni so radikalni ukrepi.", "lemma_text": "lgbtq . . . . . strgati keten . potreben radikalen ukrep .", "hashtags": [], "mentions": ["RomanVodeb"], "user": {"name": "Simon K", "screen_name": "SimonK95016243", "description": ""}, "prediction": {"label": "desno", "sentiment": "negative", "sentiment_score": 0.910328209400177, "topic_bias": "desno", "topic_mentioned": "lgbtq", "topic_score": 0.5156235491204622, "party_bias": null, "party_mentioned": null}}, {"id": 1370498743326359552, "created_at": "Fri Mar 12 22:15:37 +0000 2021", "raw_text": "Evropski parlament označil EU kot \"območje svobode\" za LGBT+ skupnost", "lemma_text": "evropski parlament označiti eu \" območje svoboda \" lgbt + skupnost", "hashtags": [], "mentions": [], "user": {"name": "Andrej Albreht", "screen_name": "dreychee", "description": ""}, "prediction": {"label": "levo", "sentiment": "positive", "sentiment_score": 0.6246927380561829, "topic_bias": "levo", "topic_mentioned": "lgbtq", "topic_score": 0.5156235491204622, "party_bias": null, "party_mentioned": null}}, {"id": 1370418687241551875, "created_at": "Fri Mar 12 16:57:30 +0000 2021", "raw_text": "Kar se tega tiče, sem povsem liberalen, vsak ima pravico, da odkloni prodajo svojih izdelkov ali storitev komurkoli. A to velja potem za vse, tudi za tiste, ki ne marajo komunistov in/ali LGBTIQ ... !", "lemma_text": "tikati , povsem liberalen , imeti pravica , odkloniti prodaja izdelek storitev . a veljati potem , , komunist / lgbtiqa . . . !", "hashtags": [], "mentions": [], "user": {"name": "Jure Bregar", "screen_name": "JureBregar", "description": "rt is not necessarily endorsement or approval."}, "prediction": {"label": "levo", "sentiment": "positive", "sentiment_score": 0.43432316184043884, "topic_bias": "levo", "topic_mentioned": "lgbtq", "topic_score": 0.5156235491204622, "party_bias": null, "party_mentioned": null}}, {"id": 1370427730773295107, "created_at": "Fri Mar 12 17:33:26 +0000 2021", "raw_text": "Tu sem za prosto izbiro tako enega kot drugega. Kot mislim, da nihče nima pravice siliti ameriških slaščičarjev, da proti svojemu prepričanju pečejo torte za LGBT poroke, mislim tudi, da nihče ne sme silit štajerskih frizerjev, da strižejo SDS - ovce, če tega nočejo.", "lemma_text": "tu prost izbira . misliti , imeti pravica siliti ameriški slaščičar , prepričanje peči torta lgbt poroka , misliti , siliti štajerski frizer , striči sds - ovca , .", "hashtags": [], "mentions": ["milanma03529440"], "user": {"name": "Jure Bregar", "screen_name": "JureBregar", "description": "rt is not necessarily endorsement or approval."}, "prediction": {"label": "desno", "sentiment": "negative", "sentiment_score": 0.5415472984313965, "topic_bias": "desno", "topic_mentioned": "lgbtq", "topic_score": 0.5156235491204622, "party_bias": "levo", "party_mentioned": "SDS"}}, {"id": 1370372234875973632, "created_at": "Fri Mar 12 13:52:55 +0000 2021", "raw_text": "\"Evropski parlament z razglasitvijo LGBT-svobodnega območja v celotni Evropski uniji trenutno predvsem simbolno, a z ambicijo po konkretnejših ukrepih, kriminalizira družinske vrednote.\" Z glasovanji slovenskih EU poslancev ne moremo biti zadovoljni.", "lemma_text": "\" evropski parlament razglasitev lgbt - svoboden območje celoten evropski unija trenutno simbolno , a ambicija konkreten ukrep , kriminalizirati družinski vrednota . \" glasovanje slovenski eu poslanec zadovoljen .", "hashtags": [], "mentions": [], "user": {"name": "Franci Donko", "screen_name": "FranciDonko", "description": "novinar, teolog in socialni delavec. v nas naj bo duh pripravljenosti za boj brez sovraštva in duh spravljivosti brez popuščanja v bistvenih rečeh. l.kolakowski"}, "prediction": {"label": "desno", "sentiment": "negative", "sentiment_score": 0.8973373174667358, "topic_bias": "desno", "topic_mentioned": "lgbtq", "topic_score": 0.5156235491204622, "party_bias": null, "party_mentioned": null}}, {"id": 1370262428634783749, "created_at": "Fri Mar 12 06:36:35 +0000 2021", "raw_text": "Kako lepi morajo biti šele kosi vseh ostalih 64 spolov...! LGBTRNEJIZSLJINMBSHFGWPLKCMUQ....", "lemma_text": "lep kos ostal 64 spol . . . ! lgbtrnejizsljinmbsljinmbslki . . . .", "hashtags": [], "mentions": ["katnissdin", "BankoFranci", "aleksandra_car", "BernardaGrobler"], "user": {"name": "Tone Anzlovar Cricket", "screen_name": "ToneCricket", "description": ""}, "prediction": {"label": "levo", "sentiment": "positive", "sentiment_score": 0.49551334977149963, "topic_bias": "levo", "topic_mentioned": "lgbtq", "topic_score": 0.5156235491204622, "party_bias": null, "party_mentioned": null}}, {"id": 1370303075127328769, "created_at": "Fri Mar 12 09:18:06 +0000 2021", "raw_text": "Evropski parlament razglasil EU za »cono svobodno za LGBT«, levičarski mediji znova napadajo Poljsko", "lemma_text": "evropski parlament razglasiti eu » cona svobodno lgbt « , levičarski medij znova napadati poljska", "hashtags": [], "mentions": [], "user": {"name": "Tednik Demokracija", "screen_name": "Demokracija1", "description": ""}, "prediction": {"label": "desno", "sentiment": "negative", "sentiment_score": 0.9090434312820435, "topic_bias": "desno", "topic_mentioned": "lgbtq", "topic_score": 0.5156235491204622, "party_bias": null, "party_mentioned": null}}, {"id": 1370251970582298628, "created_at": "Fri Mar 12 05:55:02 +0000 2021", "raw_text": "Najbolj pomembno v EU je LGBT ter s tem povezane variante. Hvala lepa za tako EU. Ilegalce ne znajo ali nočejo ustavit, s cepivi prav tako mečkajo. A Lenarčič je že najbolj priljubljen SLO politik??", "lemma_text": "najbolj pomemben eu lgbt povezan varianta . hvala lep eu . ilegalec znati ustavit , cepivo mečkati . a lenarčič najbolj priljubljen slo politik ? ?", "hashtags": [], "mentions": ["ZerjavicDelo"], "user": {"name": "Aleš Flirt", "screen_name": "Ale90345415", "description": ""}, "prediction": {"label": "desno", "sentiment": "negative", "sentiment_score": 0.81883704662323, "topic_bias": "desno", "topic_mentioned": "lgbtq", "topic_score": 0.5174711747698135, "party_bias": null, "party_mentioned": null}}, {"id": 1370389472932675591, "created_at": "Fri Mar 12 15:01:25 +0000 2021", "raw_text": "LGBT naj kar obstaja, samo ne obremenjujte s tem normalno mladino in normalne družine, ker samo dvospolni starši so normalnost družine, tako je \" rekla narava\".", "lemma_text": "lgbt obstajati , obremenjevati normalen mladina normalen družina , dvospolen starš normalnost družina , \" reči narava \" .", "hashtags": [], "mentions": ["ZerjavicDelo", "LjuboMakovec"], "user": {"name": "Stane", "screen_name": "staneskufca", "description": ""}, "prediction": {"label": "desno", "sentiment": "negative", "sentiment_score": 0.7773368954658508, "topic_bias": "desno", "topic_mentioned": "lgbtq", "topic_score": 0.5174711747698135, "party_bias": null, "party_mentioned": null}}, {"id": 1370431544511320073, "created_at": "Fri Mar 12 17:48:36 +0000 2021", "raw_text": "Tole se bere kot da je Žan, opogumljen od zmage LGBT, katere skrivni član je tudi sam, takoj zaslutil poslovno priložnost. Najbrž niti nisem veliko zgrešil.", "lemma_text": "brati žan , opogumljen zmaga lgbt , skriven član sam , takoj zaslutiti posloven priložnost . veliko zgrešiti .", "hashtags": [], "mentions": [], "user": {"name": "Kajman Očalar", "screen_name": "kajman_ocalar", "description": "podvodni skvoter s slabimi živci"}, "prediction": {"label": "levo", "sentiment": "positive", "sentiment_score": 0.6012282967567444, "topic_bias": "levo", "topic_mentioned": "lgbtq", "topic_score": 0.5174711747698135, "party_bias": null, "party_mentioned": null}}, {"id": 1370438035469393924, "created_at": "Fri Mar 12 18:14:23 +0000 2021", "raw_text": "Nisem veren, vendat to kar so si levi lgbt aktivisti drznili napisati pri cerkvi na Prešernovem trgu gre čez vse okvire.", "lemma_text": "veren , vendat lev lgbt aktivist drzniti napisati cerkev prešernov trg iti okvir .", "hashtags": [], "mentions": [], "user": {"name": "Zmago J. Plemeniti", "screen_name": "ZmagoPlemeniti", "description": ""}, "prediction": {"label": "desno", "sentiment": "negative", "sentiment_score": 0.9499790668487549, "topic_bias": "desno", "topic_mentioned": "lgbtq", "topic_score": 0.5174711747698135, "party_bias": null, "party_mentioned": null}}, {"id": 1370291383492313090, "created_at": "Fri Mar 12 08:31:39 +0000 2021", "raw_text": "Pripadnik LGBT v Črni Gori lagal, da so ga napadli! “Napad” nanj obsodila srbska pravoslavna cerkev! via", "lemma_text": "pripadnik lgbt črn gora lagati , napasti ! “ napad ” obsoditi srbski pravoslaven cerkev ! via", "hashtags": [], "mentions": ["Nova24TV"], "user": {"name": "Antonija Volčini", "screen_name": "Muhabc1", "description": ""}, "prediction": {"label": "desno", "sentiment": "negative", "sentiment_score": 0.9579840898513794, "topic_bias": "desno", "topic_mentioned": "lgbtq", "topic_score": 0.5174711747698135, "party_bias": null, "party_mentioned": null}}, {"id": 1370466527460360196, "created_at": "Fri Mar 12 20:07:36 +0000 2021", "raw_text": "Če bi vsaj... LGBT free EU bi moralo pomeniti, da jih v EU ni. Ali pa jaz nečesa tu ne razumem?", "lemma_text": ". . . lgbt free eu pomeniti , eu . tu razumeti ?", "hashtags": [], "mentions": ["ATBeatris", "LublanskiGorenc"], "user": {"name": "Jože Gašparič", "screen_name": "jozegas", "description": ""}, "prediction": {"label": "desno", "sentiment": "negative", "sentiment_score": 0.8824037909507751, "topic_bias": "desno", "topic_mentioned": "lgbtq", "topic_score": 0.5174711747698135, "party_bias": null, "party_mentioned": null}}, {"id": 1370285558551969792, "created_at": "Fri Mar 12 08:08:30 +0000 2021", "raw_text": "Kako dolgo bomo starši dopuščali vsiljevanje LGBT+P agende v vrtcih in šolah? Našim otrokom vsiljujejo homoseksualnost kot nekaj naravnega in zaželenega! Propagiranje spolnih izrojenosti ne sodi v šole!", "lemma_text": "dolgo starš dopuščati vsiljevanje lgbt + p agenda vrtec šola ? otrok vsiljevati homoseksualnost naraven zaželen ! propagiranje spolen izrojenost soditi šola !", "hashtags": [], "mentions": [], "user": {"name": "DOM", "screen_name": "DomovinskaLiga", "description": "najprej slovenija! za varnost in blaginjo slovenskih državljanov! za suvereno slovenijo v evropi domovin in svobode!"}, "prediction": {"label": "desno", "sentiment": "negative", "sentiment_score": 0.927074134349823, "topic_bias": "desno", "topic_mentioned": "lgbtq", "topic_score": 0.5174711747698135, "party_bias": null, "party_mentioned": null}}, {"id": 1370330978678403076, "created_at": "Fri Mar 12 11:08:59 +0000 2021", "raw_text": "Take riti so slovenski poslanci EPP. Ga ni bilo poslanca EPP, ki bi včeraj glasoval proti EU kot LGBT coni. Novakova za, Bogovič in Zver vzdržana, Tomčeva ni glasovala. Res, krasno 'desnico' imamo!", "lemma_text": "rit slovenski poslanec epp . poslanec epp , včeraj glasovati eu lgbt cona . novakov , bogovič zver vzdržan , tomčev glasovati . , krasen ' desnica ' imeti !", "hashtags": [], "mentions": [], "user": {"name": "DOM", "screen_name": "DomovinskaLiga", "description": "najprej slovenija! za varnost in blaginjo slovenskih državljanov! za suvereno slovenijo v evropi domovin in svobode!"}, "prediction": {"label": "desno", "sentiment": "negative", "sentiment_score": 0.6873801946640015, "topic_bias": "desno", "topic_mentioned": "lgbtq", "topic_score": 0.5174711747698135, "party_bias": null, "party_mentioned": null}}, {"id": 1370288361668235267, "created_at": "Fri Mar 12 08:19:38 +0000 2021", "raw_text": "Se strinjam. Migracije in LGBT-vsebine so v očeh javnosti le večja grožnja kot ''ogroženost'' raznih ekonomskih optimizatorjev.", "lemma_text": "strinjati . migracija lgbt - vsebina oči javnost velik grožnja ' ' ogroženost ' ' ekonomski optimizator .", "hashtags": [], "mentions": [], "user": {"name": "Franc Plevnik", "screen_name": "FPlevnik", "description": "rodoljub = antiliberalec + antiklerikalec; vzpon nacionalizma v eu; za svobodoljubno evropo nacionalnih držav; spirit of 769"}, "prediction": {"label": "desno", "sentiment": "negative", "sentiment_score": 0.8975781202316284, "topic_bias": "desno", "topic_mentioned": "lgbtq", "topic_score": 0.5152318222338571, "party_bias": null, "party_mentioned": null}}, {"id": 1370256168430489600, "created_at": "Fri Mar 12 06:11:43 +0000 2021", "raw_text": "Dragi moji prijatelji in prijateljice iz LGBT skupnosti, a imate mogoče zame kako prijetno in ravno prav začinjeno zgodbico o -tu (Vinko Šleva)- ? Kar na javno, če upate ali pa privat - virov ne izdajam.Najlepša hvala, ker ste. Vse dobro.", "lemma_text": "drag prijatelj prijateljica lgbt skupnost , a imeti mogoč prijeten začinjen zgodbica - tu ( vinko šleva ) - ? javno , upati privat - vir izdajati . lep hvala , . dober .", "hashtags": [], "mentions": ["vinkovasle1"], "user": {"name": "Rok Trkaj Terkaj", "screen_name": "Trkaj", "description": "hip hop mc, poet, dipl. teolog, novinar, katar, podjetnik in opa, opravljam tudi funkcijo predsednika cannagiz,giza za konopljo"}, "prediction": {"label": "levo", "sentiment": "positive", "sentiment_score": 0.884981632232666, "topic_bias": "levo", "topic_mentioned": "lgbtq", "topic_score": 0.5152318222338571, "party_bias": null, "party_mentioned": null}}, {"id": 1370454285864075273, "created_at": "Fri Mar 12 19:18:58 +0000 2021", "raw_text": "Debelost sedanjega sveta je posledica tega obilja. In kakor to ni dobro za telo, tudi za dušo ni. Vsepreveč je mentalnih bolezni (levičarstvo, lgbt, depresija...) in premalo hvaležnosti za vsakdanji kruh.", "lemma_text": "debelost sedanji svet posledica obilje . dober telo , duša . vsepreveč mentalen bolezen ( levičarstvo , lgbt , depresija . . . ) premalo hvaležnost vsakdanji kruh .", "hashtags": [], "mentions": [], "user": {"name": "Astianos", "screen_name": "GBWallac3", "description": "molon labe gab: parler:"}, "prediction": {"label": "desno", "sentiment": "negative", "sentiment_score": 0.9576247334480286, "topic_bias": "desno", "topic_mentioned": "lgbtq", "topic_score": 0.5152318222338571, "party_bias": null, "party_mentioned": null}}, {"id": 1370500381499920391, "created_at": "Fri Mar 12 22:22:08 +0000 2021", "raw_text": "NE v mojem imenu! LGBT(+) skriva P...za legalizacijo pedofilije. Ko vrh EU vsiljuje kulturni marksizem propagandistov LGBT+, to vodi v razkroj civilizacije in skupnosti. Kdor temu aktivno ne nasprotuje, sodi na levico in je soodgovoren za razpadanje EU.", "lemma_text": "ime ! lgbt ( + ) skrivati p . . . legalizacija pedofilija . eu vsiljevati kulturen marksizem propagandist lgbt + , voditi razkroj civilizacija skupnost . aktivno nasprotovati , soditi levica soodgovoren razpadanje eu .", "hashtags": [], "mentions": [], "user": {"name": "Branko Grims", "screen_name": "BrankoGrims1", "description": "predsednik onp, ustavna komisija; ex komisije za nadzor obveščevalnih in varnostnih služb, odbor za zunanjo politiko; odbor za obrambo; predsednik mo sds kranj."}, "prediction": {"label": "desno", "sentiment": "negative", "sentiment_score": 0.9130170345306396, "topic_bias": "desno", "topic_mentioned": "lgbtq", "topic_score": 0.5152318222338571, "party_bias": null, "party_mentioned": null}}, {"id": 1370301155381813248, "created_at": "Fri Mar 12 09:10:29 +0000 2021", "raw_text": "Točno! Ampak dve lezbiki ali dva pedra z otrokom še vedno niso družina in nikoli ne bodo, ne glede na uradni LGBT novorek!", "lemma_text": "točno ! lezbika peder otrok vedno družina nikoli , glede uraden lgbt novorek !", "hashtags": [], "mentions": ["uroshj", "APobirk", "KogojSlavko"], "user": {"name": "Bogo 🇸🇮", "screen_name": "BogoCC", "description": "“lingua mentum ne praecurrat”"}, "prediction": {"label": "desno", "sentiment": "negative", "sentiment_score": 0.9274241328239441, "topic_bias": "desno", "topic_mentioned": "lgbtq", "topic_score": 0.5152318222338571, "party_bias": null, "party_mentioned": null}}, {"id": 1370458582009982980, "created_at": "Fri Mar 12 19:36:02 +0000 2021", "raw_text": "Počasi bo prišlo tako daleč, da ko boš odpiral ribjo konzervo, se ne boš mogel izogniti temu, da bo iz nje prismrdela še LGBT ideologija!", "lemma_text": "počasi priti daleč , odpirati ribji konzerva , izogniti , prismrdeti lgbt ideologija !", "hashtags": [], "mentions": [], "user": {"name": "Drago Cartl", "screen_name": "5DragonarMb", "description": "upokojenec"}, "prediction": {"label": "desno", "sentiment": "negative", "sentiment_score": 0.9474536776542664, "topic_bias": "desno", "topic_mentioned": "lgbtq", "topic_score": 0.5152318222338571, "party_bias": null, "party_mentioned": null}}, {"id": 1370279356984127496, "created_at": "Fri Mar 12 07:43:51 +0000 2021", "raw_text": "Od znancev iz SMC sem slišal, da je on kar player na lgbt sceni ampak skriva, ker jebiga, ni SDS prava stranka za prit iz omare.", "lemma_text": "znanec smc slišati , player lgbt scena skrivati , jebigati , sds pravi stranka prit omara .", "hashtags": [], "mentions": ["Trkaj", "BankoFranci", "vinkovasle1"], "user": {"name": "Klemen Kotar", "screen_name": "Soulata", "description": ""}, "prediction": {"label": "desno", "sentiment": "negative", "sentiment_score": 0.8545272946357727, "topic_bias": "desno", "topic_mentioned": "lgbtq", "topic_score": 0.5152318222338571, "party_bias": "levo", "party_mentioned": "SDS"}}, {"id": 1370499513471864834, "created_at": "Fri Mar 12 22:18:41 +0000 2021", "raw_text": "Če ne ustavimo podivjanih genocidnih židov, se bo na naše otroke in rod zgrnil večni mrak LGBT Recruitment Drive succeeding wildly", "lemma_text": "ustaviti podivjan genociden žid , otrok rod zgrniti večen mrak lgbt recruitment drive succeeding wildly", "hashtags": [], "mentions": [], "user": {"name": "Skitovid", "screen_name": "Marko_Sket", "description": "avtentična razlaga: o metaksifiziki; o rodobiti; o ravnotežju evgenične sile in sile presežnega; o triadnem, a enovitem logosu heraklita; o savlovem nategu. si."}, "prediction": {"label": "desno", "sentiment": "negative", "sentiment_score": 0.8813402652740479, "topic_bias": "desno", "topic_mentioned": "lgbtq", "topic_score": 0.5152318222338571, "party_bias": null, "party_mentioned": null}}, {"id": 1370358670744248322, "created_at": "Fri Mar 12 12:59:01 +0000 2021", "raw_text": "Pa dobro, koliko je teh LGBT osebkov v celotni populaciji? 1%, 2%?? In zaradi njih je potrebno celotno družbo postaviti na glavo. Zakaj se jim dodeljuje več pravic in privilegijev, kot jih imamo pa normalni heteroseksualni državljani? Očitno se želi, da celotna družba zblazni!?", "lemma_text": "dober , lgbt osebek celoten populacija ? 1 % , 2 % ? ? potreben celoten družba postaviti glava . dodeljevati več pravica privilegij , imeti normalen heteroseksualen državljan ? očitno , celoten družba zblazniti ! ?", "hashtags": [], "mentions": [], "user": {"name": "Aleksander", "screen_name": "LublanskiGorenc", "description": "slovenec, patriot, politično nekorekten, za svobodo govora..."}, "prediction": {"label": "desno", "sentiment": "negative", "sentiment_score": 0.96135413646698, "topic_bias": "desno", "topic_mentioned": "lgbtq", "topic_score": 0.5148983124487037, "party_bias": null, "party_mentioned": null}}, {"id": 1370307991136780289, "created_at": "Fri Mar 12 09:37:38 +0000 2021", "raw_text": "Malo dvolično, glede na to, da na Poljskem EU noče pomagati niti ženskam uveljavljati njihovih pravic, ker pravi , češ, da je to notranja politika države, da ne govorim, da so določene regije in upravne enote ( 1/3 države) razglasile LGBT free zone...", "lemma_text": "malo dvoličen , glede , poljsko eu pomagati ženska uveljavljati pravica , praviti , češ , notranji politika država , govoriti , določen regija upraven enota ( 1 / 3 država ) razglasiti lgbt free zone . . .", "hashtags": [], "mentions": ["ZerjavicDelo"], "user": {"name": "Fungorum je pastafarijanec!", "screen_name": "Fung0rum", "description": "i like bgp and socialism. not fascism or nazism nor stalin/lenin style - communism or anarchism. yep. that's that."}, "prediction": {"label": "desno", "sentiment": "negative", "sentiment_score": 0.9036975502967834, "topic_bias": "desno", "topic_mentioned": "lgbtq", "topic_score": 0.5148983124487037, "party_bias": null, "party_mentioned": null}}, {"id": 1370450967993462788, "created_at": "Fri Mar 12 19:05:47 +0000 2021", "raw_text": "In še vprašanje za konec, kako sploh gre skupaj ta resolucija, da je EU svobodno območje za LGBTIQ in množično priseljevanje ljudi islamskega porekla, kjer niti ženske niso enakopravne in enakovredne moškim, homoseksualce pa še v mnogih državah pobijajo?", "lemma_text": "vprašanje konec , iti skupaj resolucija , eu svoboden območje lgbtiq množičen priseljevanje človek islamski poreklo , kjer ženska enakopraven enakovreden moški , homoseksualec mnog država pobijati ?", "hashtags": [], "mentions": [], "user": {"name": "Johanca 🇸🇮 #KletnaKopriva", "screen_name": "all4_one4all", "description": "v zelo slabi francoščini all my life... is just one moment in time."}, "prediction": {"label": "desno", "sentiment": "negative", "sentiment_score": 0.9222517013549805, "topic_bias": "desno", "topic_mentioned": "lgbtq", "topic_score": 0.5148983124487037, "party_bias": null, "party_mentioned": null}}, {"id": 1370518286681640964, "created_at": "Fri Mar 12 23:33:17 +0000 2021", "raw_text": "On celo loči med levimi in desnimi lgbt. Očitno je član desne lgbt...", "lemma_text": "ločiti lev desen lgbt . očitno član desen lgbt . . .", "hashtags": [], "mentions": ["Pikanai1", "Fitzroy1985", "dreychee"], "user": {"name": "Tone Urh", "screen_name": "ToneUrh", "description": ""}, "prediction": {"label": "desno", "sentiment": "negative", "sentiment_score": 0.729351818561554, "topic_bias": "desno", "topic_mentioned": "lgbtq", "topic_score": 0.5148983124487037, "party_bias": null, "party_mentioned": null}}, {"id": 1370454065805676547, "created_at": "Fri Mar 12 19:18:05 +0000 2021", "raw_text": "Če se naslednje volitve v evropski parlament ponovi zdejšna sestava, je z evropsko unijo konec. Mislim da to vse skupaj ne pelje nikamor. LGBTIQ je pa že presegel razumno mejo. Njih ni moč več ustaviti po normalni poti. Žal", "lemma_text": "naslednji volitev evropski parlament ponoviti zdejšen sestava , evropski unija konec . misliti skupaj peljati nikamor . lgbtiq preseči razumen meja . moč več ustaviti normalen pot .", "hashtags": [], "mentions": ["all4_one4all"], "user": {"name": "Simon K", "screen_name": "SimonK95016243", "description": ""}, "prediction": {"label": "desno", "sentiment": "negative", "sentiment_score": 0.960883617401123, "topic_bias": "desno", "topic_mentioned": "lgbtq", "topic_score": 0.5148983124487037, "party_bias": null, "party_mentioned": null}}, {"id": 1370404495050608662, "created_at": "Fri Mar 12 16:01:07 +0000 2021", "raw_text": "Veliko se govori o homofobiji, malo tega je resničnega. Fobija je bolezenski strah pred nečem. Z argumetni podprto nasprotovanje LGTB ideologiji to nikakor ni. Premalo se govori o vprašanjih, za kaj se LGBT aktivisti sploh še borijo. Katerih pravic še nimajo?", "lemma_text": "veliko govoriti homofobija , malo resničen . fobija bolezenski strah . argumeten podprt nasprotovanje lgtb ideologija nikakor . premalo govoriti vprašanje , lgbt aktivist boriti . pravica imeti ?", "hashtags": [], "mentions": [], "user": {"name": "casual", "screen_name": "Rainbear1", "description": ""}, "prediction": {"label": "desno", "sentiment": "negative", "sentiment_score": 0.9289094805717468, "topic_bias": "desno", "topic_mentioned": "lgbtq", "topic_score": 0.5148983124487037, "party_bias": null, "party_mentioned": null}}, {"id": 1369676682240659461, "created_at": "Wed Mar 10 15:49:03 +0000 2021", "raw_text": "Če že črkuješ LGBTIQ, potem vsaj črkuj prav ...verjetno te že zaskrbljeni ljudje kličejo. Bedna si...", "lemma_text": "črkovati lgbtiq , potem črkuj . . . zaskrbljen človek klicati . beden . . .", "hashtags": ["dovoljSD", "dovoljpopulizma"], "mentions": ["EP_Slovenija", "tfajon"], "user": {"name": "erujeruj", "screen_name": "erujeruj1", "description": ""}, "prediction": {"label": "desno", "sentiment": "negative", "sentiment_score": 0.9640429019927979, "topic_bias": "desno", "topic_mentioned": "lgbtq", "topic_score": 0.5148983124487037, "party_bias": "desno", "party_mentioned": "SD"}}]