[{"id": 1386560904356052994, "created_at": "Mon Apr 26 06:00:55 +0000 2021", "raw_text": "Sedemsto tisoč Zdravih Marij za tiste, ki jim je bilo s splavom vzeto življenje. Organizatorji se nismo odločili za očitke, ki bolijo, ampak za molitev! Za 700 tisoč Zdravih Marij kot protiutež 700 tisoč ljudem z odvzeto prihodnostjo. via", "lemma_text": "zdrav marija , splav vzet življenje . organizator odločiti očitek , boleti , molitev ! 700 zdrav marija protiutež 700 človek odvzet prihodnost . via", "hashtags": [], "mentions": [], "user": {"name": "Casnik.si", "screen_name": "Casnik", "description": "časnik: spletni magazin z mero"}, "prediction": {"label": "levo", "sentiment": "positive", "sentiment_score": 0.6055695414543152, "topic_bias": "levo", "topic_mentioned": "splav", "topic_score": 0.29986685524103723, "party_bias": null, "party_mentioned": null}}, {"id": 1386691551506673666, "created_at": "Mon Apr 26 14:40:04 +0000 2021", "raw_text": "Kdo ve, kakšni so šele starši! Ločeni, taki, ki imajo splav za sabo, ki bi radi spremenili spol, ki se boje Grete, ki bi radi stanovanje...?", "lemma_text": "vedeti , starš ! ločen , , imeti splav , spremeniti spol , bati greta , stanovanje . . . ?", "hashtags": [], "mentions": ["STA_novice"], "user": {"name": "Vanda Mervič", "screen_name": "MervicVanda", "description": "zavedna slovenka iz nove gorice"}, "prediction": {"label": "desno", "sentiment": "negative", "sentiment_score": 0.7521615624427795, "topic_bias": "desno", "topic_mentioned": "splav", "topic_score": 0.29986685524103723, "party_bias": null, "party_mentioned": null}}, {"id": 1389507211680960513, "created_at": "Tue May 04 09:08:29 +0000 2021", "raw_text": "Glej, glej kdo tu razpravlja o meni, kleni Slovenski moški, ti res imajo pohma o nosečnosti in o splavih", "lemma_text": "gledati , gledati tu razpravljati , klen slovenski moški , imeti pohma nosečnost splav", "hashtags": [], "mentions": ["19avgust", "JanezKotar", "GorsekMitja", "slovenskipanter"], "user": {"name": "Aneri", "screen_name": "AneriSeven", "description": "resnica in dejstva, ukročena trmoglavka, mati v najlepših letih ...in kdo sem aneri-tečna baba, ki ne popusti"}, "prediction": {"label": "desno", "sentiment": "negative", "sentiment_score": 0.9015032649040222, "topic_bias": "desno", "topic_mentioned": "splav", "topic_score": 0.5031526100524195, "party_bias": null, "party_mentioned": null}}, {"id": 1369754992089960448, "created_at": "Wed Mar 10 21:00:13 +0000 2021", "raw_text": "Splav dovoljen samo v primeru rešitve življenja nosečnice.", "lemma_text": "splav primer rešitev življenje nosečnica .", "hashtags": [], "mentions": [], "user": {"name": "Mladina", "screen_name": "SpletnaMladina", "description": "mladina, osrednji slovenski tednik, pokriva politične, gospodarske, družbene in kulturne teme. tiskana vsak petek, spletna vsak dan."}, "prediction": {"label": "levo", "sentiment": "positive", "sentiment_score": 0.7273168563842773, "topic_bias": "levo", "topic_mentioned": "splav", "topic_score": 0.5116562445957374, "party_bias": null, "party_mentioned": null}}, {"id": 1369942771574915072, "created_at": "Thu Mar 11 09:26:23 +0000 2021", "raw_text": "Splavljena Ljudmila kot kristjanka nasprotuje splavu, a pravi, da tega ne vsiljuje drugace mislecim A to je logika tipa, sem proti ubijanju, a ce drugi ubijajo je to njihov svetonazor To je po Katekizmu Katoliske Cerkve za izobcenje Ljudmila podpira Tanjo press", "lemma_text": "splavljen ljudmila kristjanka nasprotovati splav , a praviti , vsiljevati drugace mislec a logika tip , ubijanje , a ci ubijati svetonazor katekizem katoliski cerkev izobcenje ljudmila podpirati tanja press", "hashtags": [], "mentions": ["LjudmilaNovak"], "user": {"name": "Božidar T. Biščan", "screen_name": "BozidarBiscan", "description": ""}, "prediction": {"label": "desno", "sentiment": "negative", "sentiment_score": 0.6429210305213928, "topic_bias": "desno", "topic_mentioned": "splav", "topic_score": 0.5088555601406268, "party_bias": null, "party_mentioned": null}}]